{
  "nodes2010": [
    {
      "_id": 1,
      "name": "Z1231",
      "_short": "fi"
    }
    ],
    "nodes2014": [
    {
      "_id": 2,
      "name": "7025F,77052,G0202",
      "_short": "ny"
    },
    {
      "_id": 3,
      "name": "77052,G0202",
      "_short": "bs"
    },
    {
      "_id": 4,
      "name": "7025F,77052",
      "_short": "ch"
    },
    {
      "_id": 5,
      "name": "77052",
      "_short": "la"
    }
  ],
  "links": [
    {
      "source": 1,
      "value": 0.9971591 ,
      "target": 2
    },
    {
      "source": 1,
      "value": 0.9846678,
      "target": 3
    },
    {
      "source": 1,
      "value": 0.9971910,
      "target": 4
    },
    {
      "source": 1,
      "value": 0.9848229,
      "target": 5
    }
  ]
}