source,target,value
Clinic  ,Beth Israel Deaconess Medical Center,351
Clinic  ,Boston Medical Center,82
Clinic  ,Cambridge Public Health Commission,1
Non-Health Faclity pt-of-orgin,Baystate Medical Center,1589
Non-Health Faclity pt-of-orgin,Beth Israel Deaconess Medical Center,94
Non-Health Faclity pt-of-orgin,Boston Medical Center,814
Non-Health Faclity pt-of-orgin,Cambridge Public Health Commission,480
Non-Health Faclity pt-of-orgin,North Shore Medical Center,494
Transfer From a Hospital,Baystate Medical Center,31
Transfer From a Hospital,Beth Israel Deaconess Medical Center,29
Transfer From a Hospital,Boston Medical Center,14
Transfer From a Hospital,Cambridge Public Health Commission,1
Transfer From a SNF or ICF,Baystate Medical Center,25
Transfer From a SNF or ICF,Beth Israel Deaconess Medical Center,15
Transfer From a SNF or ICF,Boston Medical Center,6
Transfer From Another HCF,Beth Israel Deaconess Medical Center,2
Transfer From Another HCF,Boston Medical Center,8
Transfer from one Distinct Unit of hosp to another ,Baystate Medical Center,2
Transfer from one Distinct Unit of hosp to another ,Beth Israel Deaconess Medical Center,15
Transfer from one Distinct Unit of hosp to another ,North Shore Medical Center,2
Baystate Medical Center,Readmit-NO,1336
Beth Israel Deaconess Medical Center,Readmit-NO,404
Boston Medical Center,Readmit-NO,732
Cambridge Public Health Commission,Readmit-NO,372
North Shore Medical Center,Readmit-NO,431
Baystate Medical Center,Readmit-Yes,315
Beth Israel Deaconess Medical Center,Readmit-Yes,102
Boston Medical Center,Readmit-Yes,192
Cambridge Public Health Commission,Readmit-Yes,110
North Shore Medical Center,Readmit-Yes,65
