NoHCC-NoHCC-NoHCC-NoHCC-85-NoHCC-NoHCC-NoHCC,58
NoHCC-NoHCC-NoHCC-85-NoHCC-NoHCC-NoHCC-NoHCC,48
NoHCC-NoHCC-85-NoHCC-NoHCC-NoHCC-NoHCC-NoHCC,44
85-NoHCC-NoHCC-NoHCC-NoHCC-NoHCC-NoHCC-NoHCC,42
NoHCC-NoHCC-NoHCC-NoHCC-19-NoHCC-NoHCC-NoHCC,36
NoHCC-NoHCC-NoHCC-NoHCC-NoHCC-85-NoHCC-NoHCC,35
NoHCC-NoHCC-NoHCC-NoHCC-NoHCC-NoHCC-85-NoHCC,35
NoHCC-85-NoHCC-NoHCC-NoHCC-NoHCC-NoHCC-NoHCC,34
NoHCC-19-NoHCC-NoHCC-NoHCC-NoHCC-NoHCC-NoHCC,30
NoHCC-NoHCC-19-NoHCC-NoHCC-NoHCC-NoHCC-NoHCC,26
19-NoHCC-NoHCC-NoHCC-NoHCC-NoHCC-NoHCC-NoHCC,23
NoHCC-NoHCC-NoHCC-19-NoHCC-NoHCC-NoHCC-NoHCC,21
NoHCC-85-NoHCC-NoHCC-85-NoHCC-NoHCC-NoHCC,14
NoHCC-NoHCC-NoHCC-NoHCC-NoHCC-19-NoHCC-NoHCC,14
NoHCC-NoHCC-NoHCC-19-19-NoHCC-NoHCC-NoHCC,13
NoHCC-NoHCC-19-NoHCC-19-NoHCC-NoHCC-NoHCC,12
NoHCC-NoHCC-NoHCC-NoHCC-18-NoHCC-NoHCC-NoHCC,11
NoHCC-NoHCC-NoHCC-NoHCC-NoHCC-NoHCC-39-NoHCC,11
NoHCC-19-19-NoHCC-NoHCC-NoHCC-NoHCC-NoHCC,10
NoHCC-NoHCC-40-NoHCC-NoHCC-NoHCC-NoHCC-NoHCC,10
NoHCC-NoHCC-85-85-NoHCC-NoHCC-NoHCC-NoHCC,10
NoHCC-NoHCC-NoHCC-85-85-NoHCC-NoHCC-NoHCC,10
85-NoHCC-85-NoHCC-85-NoHCC-NoHCC-NoHCC,9
NoHCC-40-NoHCC-NoHCC-NoHCC-NoHCC-NoHCC-NoHCC,9
NoHCC-85-NoHCC-85-NoHCC-NoHCC-NoHCC-NoHCC,9
NoHCC-NoHCC-NoHCC-NoHCC-40-NoHCC-NoHCC-NoHCC,9
NoHCC-NoHCC-NoHCC-NoHCC-NoHCC-18-NoHCC-NoHCC,9
19-19-19-19-19-NoHCC-NoHCC-NoHCC,8
19-NoHCC-19-NoHCC-19-NoHCC-NoHCC-NoHCC,8
85-85-85-NoHCC-NoHCC-NoHCC-NoHCC-NoHCC,8
85-85-NoHCC-85-85-NoHCC-NoHCC-NoHCC,8
NoHCC-19-NoHCC-19-NoHCC-19-NoHCC-NoHCC,8
NoHCC-85-NoHCC-85-85-NoHCC-NoHCC-NoHCC,8
NoHCC-NoHCC-85-85-85-NoHCC-NoHCC-NoHCC,8
NoHCC-NoHCC-NoHCC-18-NoHCC-18-NoHCC-NoHCC,8
NoHCC-NoHCC-NoHCC-18-NoHCC-NoHCC-NoHCC-NoHCC,8
NoHCC-NoHCC-NoHCC-19-NoHCC-19-NoHCC-NoHCC,8
NoHCC-NoHCC-NoHCC-NoHCC-88-NoHCC-NoHCC-NoHCC,8
NoHCC-NoHCC-NoHCC-NoHCC-NoHCC-NoHCC-NoHCC-85,8
85-NoHCC-85-85-85-NoHCC-NoHCC-NoHCC,7
NoHCC-18-NoHCC-NoHCC-NoHCC-NoHCC-NoHCC-NoHCC,7
NoHCC-87-NoHCC-NoHCC-NoHCC-NoHCC-NoHCC-NoHCC,7
NoHCC-NoHCC-18-NoHCC-NoHCC-18-NoHCC-NoHCC,7
NoHCC-NoHCC-18-NoHCC-NoHCC-NoHCC-NoHCC-NoHCC,7
NoHCC-NoHCC-NoHCC-87-NoHCC-NoHCC-NoHCC-NoHCC,7
18-NoHCC-NoHCC-NoHCC-NoHCC-NoHCC-NoHCC-NoHCC,6
19-19-NoHCC-NoHCC-NoHCC-NoHCC-NoHCC-NoHCC,6
40-NoHCC-NoHCC-NoHCC-NoHCC-NoHCC-NoHCC-NoHCC,6
85-85-NoHCC-NoHCC-NoHCC-NoHCC-NoHCC-NoHCC,6
85-NoHCC-85-NoHCC-NoHCC-NoHCC-NoHCC-NoHCC,6
85-NoHCC-NoHCC-NoHCC-85-NoHCC-NoHCC-NoHCC,6
NoHCC-19-NoHCC-NoHCC-19-NoHCC-NoHCC-NoHCC,6
NoHCC-85-85-85-85-NoHCC-NoHCC-NoHCC,6
NoHCC-NoHCC-19-19-19-NoHCC-NoHCC-NoHCC,6
NoHCC-NoHCC-NoHCC-NoHCC-NoHCC-40-NoHCC-NoHCC,6
19-19-19-NoHCC-NoHCC-NoHCC-NoHCC-NoHCC,5
19-19-NoHCC-NoHCC-NoHCC-19-NoHCC-NoHCC,5
85-85-85-85-85-NoHCC-NoHCC-NoHCC,5
85-85-85-NoHCC-85-NoHCC-NoHCC-NoHCC,5
NoHCC-19-19-19-19-NoHCC-NoHCC-NoHCC,5
NoHCC-19-NoHCC-19-19-NoHCC-NoHCC-NoHCC,5
NoHCC-19-NoHCC-NoHCC-NoHCC-19-NoHCC-NoHCC,5
NoHCC-85-85-NoHCC-85-NoHCC-NoHCC-NoHCC,5
NoHCC-85-85-NoHCC-NoHCC-NoHCC-NoHCC-NoHCC,5
NoHCC-85-NoHCC-NoHCC-NoHCC-85-NoHCC-NoHCC,5
NoHCC-NoHCC-NoHCC-40-NoHCC-NoHCC-NoHCC-NoHCC,5
19-19-19-19-NoHCC-19-NoHCC-NoHCC,4
19-NoHCC-19-NoHCC-NoHCC-NoHCC-NoHCC-NoHCC,4
19-NoHCC-NoHCC-NoHCC-19-NoHCC-NoHCC-NoHCC,4
85-NoHCC-NoHCC-NoHCC-NoHCC-85-NoHCC-NoHCC,4
87-NoHCC-NoHCC-NoHCC-NoHCC-NoHCC-NoHCC-NoHCC,4
NoHCC-18-NoHCC-NoHCC-NoHCC-18-NoHCC-NoHCC,4
NoHCC-19-NoHCC-19-NoHCC-NoHCC-NoHCC-NoHCC,4
NoHCC-85-NoHCC-NoHCC-NoHCC-NoHCC-85-NoHCC,4
NoHCC-NoHCC-19-19-NoHCC-NoHCC-NoHCC-NoHCC,4
NoHCC-NoHCC-19-NoHCC-NoHCC-19-NoHCC-NoHCC,4
NoHCC-NoHCC-85-NoHCC-85-NoHCC-NoHCC-NoHCC,4
NoHCC-NoHCC-NoHCC-19-NoHCC-18-NoHCC-NoHCC,4
NoHCC-NoHCC-NoHCC-39-NoHCC-NoHCC-NoHCC-NoHCC,4
NoHCC-NoHCC-NoHCC-NoHCC-NoHCC-39-NoHCC-NoHCC,4
19-NoHCC-19-19-NoHCC-19-NoHCC-NoHCC,3
19-NoHCC-19-NoHCC-NoHCC-19-NoHCC-NoHCC,3
19-NoHCC-NoHCC-19-NoHCC-NoHCC-NoHCC-NoHCC,3
19-NoHCC-NoHCC-NoHCC-NoHCC-19-NoHCC-NoHCC,3
40-40-40-NoHCC-NoHCC-40-NoHCC-NoHCC,3
85-85-85-NoHCC-NoHCC-85-NoHCC-NoHCC,3
85-NoHCC-85-NoHCC-NoHCC-85-NoHCC-NoHCC,3
85-NoHCC-NoHCC-NoHCC-19-NoHCC-NoHCC-NoHCC,3
NoHCC-18-NoHCC-18-NoHCC-18-NoHCC-NoHCC,3
NoHCC-19-19-NoHCC-NoHCC-19-NoHCC-NoHCC,3
NoHCC-19-NoHCC-NoHCC-18-NoHCC-NoHCC-NoHCC,3
NoHCC-40-NoHCC-NoHCC-NoHCC-40-NoHCC-NoHCC,3
NoHCC-88-NoHCC-NoHCC-88-NoHCC-NoHCC-NoHCC,3
NoHCC-88-NoHCC-NoHCC-NoHCC-NoHCC-NoHCC-NoHCC,3
NoHCC-NoHCC-85-NoHCC-NoHCC-85-NoHCC-NoHCC,3
NoHCC-NoHCC-NoHCC-18-18-NoHCC-NoHCC-NoHCC,3
NoHCC-NoHCC-NoHCC-19-18-NoHCC-NoHCC-NoHCC,3
NoHCC-NoHCC-NoHCC-85-NoHCC-NoHCC-85-NoHCC,3
NoHCC-NoHCC-NoHCC-NoHCC-87-NoHCC-NoHCC-NoHCC,3
NoHCC-NoHCC-NoHCC-NoHCC-NoHCC-NoHCC-19-NoHCC,3
NoHCC-NoHCC-NoHCC-NoHCC-NoHCC-NoHCC-87-NoHCC,3
18-18-18-18-18-NoHCC-NoHCC-NoHCC,2
18-18-NoHCC-NoHCC-NoHCC-NoHCC-NoHCC-NoHCC,2
18-NoHCC-85-NoHCC-NoHCC-NoHCC-NoHCC-NoHCC,2
18-NoHCC-NoHCC-18-NoHCC-18-NoHCC-NoHCC,2
18-NoHCC-NoHCC-NoHCC-NoHCC-18-NoHCC-NoHCC,2
19-19-19-19-NoHCC-NoHCC-NoHCC-NoHCC,2
19-19-19-NoHCC-19-NoHCC-NoHCC-NoHCC,2
19-NoHCC-NoHCC-19-19-19-NoHCC-NoHCC,2
19-NoHCC-NoHCC-85-NoHCC-NoHCC-NoHCC-NoHCC,2
40-NoHCC-40-NoHCC-NoHCC-NoHCC-NoHCC-NoHCC,2
85-85-85-85-NoHCC-NoHCC-NoHCC-NoHCC,2
85-85-85-NoHCC-NoHCC-NoHCC-85-NoHCC,2
85-85-NoHCC-85-NoHCC-NoHCC-NoHCC-NoHCC,2
85-85-NoHCC-NoHCC-85-85-NoHCC-NoHCC,2
85-85-NoHCC-NoHCC-85-NoHCC-NoHCC-NoHCC,2
85-NoHCC-85-85-NoHCC-NoHCC-NoHCC-NoHCC,2
88-NoHCC-NoHCC-NoHCC-NoHCC-NoHCC-NoHCC-NoHCC,2
NoHCC-18-18-NoHCC-NoHCC-18-NoHCC-NoHCC,2
NoHCC-18-NoHCC-18-NoHCC-NoHCC-NoHCC-NoHCC,2
NoHCC-18-NoHCC-NoHCC-18-NoHCC-NoHCC-NoHCC,2
NoHCC-19-19-NoHCC-19-NoHCC-NoHCC-NoHCC,2
NoHCC-19-NoHCC-NoHCC-NoHCC-18-NoHCC-NoHCC,2
NoHCC-85-85-85-NoHCC-NoHCC-NoHCC-NoHCC,2
NoHCC-85-85-NoHCC-NoHCC-NoHCC-85-NoHCC,2
NoHCC-85-NoHCC-85-NoHCC-85-NoHCC-NoHCC,2
NoHCC-86-NoHCC-NoHCC-NoHCC-NoHCC-NoHCC-NoHCC,2
NoHCC-NoHCC-18-18-18-NoHCC-NoHCC-NoHCC,2
NoHCC-NoHCC-19-NoHCC-NoHCC-NoHCC-86-NoHCC,2
NoHCC-NoHCC-40-NoHCC-NoHCC-40-NoHCC-NoHCC,2
NoHCC-NoHCC-85-NoHCC-NoHCC-NoHCC-85-NoHCC,2
NoHCC-NoHCC-87-NoHCC-NoHCC-NoHCC-NoHCC-NoHCC,2
NoHCC-NoHCC-NoHCC-18-NoHCC-19-NoHCC-NoHCC,2
NoHCC-NoHCC-NoHCC-85-NoHCC-85-NoHCC-NoHCC,2
NoHCC-NoHCC-NoHCC-86-NoHCC-NoHCC-NoHCC-NoHCC,2
NoHCC-NoHCC-NoHCC-NoHCC-19-19-NoHCC-NoHCC,2
NoHCC-NoHCC-NoHCC-NoHCC-39-NoHCC-NoHCC-NoHCC,2
NoHCC-NoHCC-NoHCC-NoHCC-NoHCC-87-NoHCC-NoHCC,2
NoHCC-NoHCC-NoHCC-NoHCC-NoHCC-NoHCC-40-NoHCC,2
NoHCC-NoHCC-NoHCC-NoHCC-NoHCC-NoHCC-NoHCC-39,2
18-18-18-18-18-18-NoHCC-NoHCC,1
18-18-18-NoHCC-NoHCC-18-NoHCC-NoHCC,1
18-18-18-NoHCC-NoHCC-NoHCC-NoHCC-NoHCC,1
18-18-19-NoHCC-NoHCC-18-NoHCC-NoHCC,1
18-18-NoHCC-18-NoHCC-18-NoHCC-NoHCC,1
18-18-NoHCC-19-NoHCC-NoHCC-NoHCC-NoHCC,1
18-18-NoHCC-NoHCC-NoHCC-19-NoHCC-NoHCC,1
18-19-19-19-NoHCC-NoHCC-19-NoHCC,1
18-19-19-NoHCC-18-NoHCC-NoHCC-NoHCC,1
18-19-19-NoHCC-19-18-NoHCC-NoHCC,1
18-19-NoHCC-NoHCC-18-NoHCC-NoHCC-NoHCC,1
18-NoHCC-18-18-NoHCC-18-NoHCC-NoHCC,1
18-NoHCC-18-19-NoHCC-NoHCC-NoHCC-NoHCC,1
18-NoHCC-18-NoHCC-18-NoHCC-NoHCC-NoHCC,1
18-NoHCC-18-NoHCC-NoHCC-NoHCC-NoHCC-NoHCC,1
18-NoHCC-NoHCC-19-NoHCC-NoHCC-NoHCC-NoHCC,1
18-NoHCC-NoHCC-NoHCC-18-NoHCC-NoHCC-NoHCC,1
18-NoHCC-NoHCC-NoHCC-NoHCC-40-NoHCC-NoHCC,1
18-NoHCC-NoHCC-NoHCC-NoHCC-85-NoHCC-NoHCC,1
19-18-19-NoHCC-19-NoHCC-NoHCC-NoHCC,1
19-18-NoHCC-18-NoHCC-18-NoHCC-NoHCC,1
19-19-18-NoHCC-NoHCC-19-NoHCC-NoHCC,1
19-19-18-NoHCC-NoHCC-NoHCC-NoHCC-NoHCC,1
19-19-19-19-19-19-NoHCC-NoHCC,1
19-19-19-NoHCC-17-NoHCC-NoHCC-NoHCC,1
19-19-19-NoHCC-NoHCC-18-NoHCC-NoHCC,1
19-19-19-NoHCC-NoHCC-19-NoHCC-NoHCC,1
19-19-19-NoHCC-NoHCC-NoHCC-88-NoHCC,1
19-19-NoHCC-18-NoHCC-18-NoHCC-NoHCC,1
19-19-NoHCC-19-NoHCC-19-NoHCC-NoHCC,1
19-19-NoHCC-19-NoHCC-NoHCC-NoHCC-NoHCC,1
19-19-NoHCC-NoHCC-18-NoHCC-NoHCC-NoHCC,1
19-19-NoHCC-NoHCC-NoHCC-18-NoHCC-NoHCC,1
19-85-85-NoHCC-NoHCC-NoHCC-NoHCC-NoHCC,1
19-NoHCC-18-18-NoHCC-19-NoHCC-NoHCC,1
19-NoHCC-18-19-18-NoHCC-NoHCC-NoHCC,1
19-NoHCC-18-19-NoHCC-18-NoHCC-NoHCC,1
19-NoHCC-18-NoHCC-18-NoHCC-NoHCC-NoHCC,1
19-NoHCC-19-19-19-NoHCC-NoHCC-NoHCC,1
19-NoHCC-19-19-NoHCC-NoHCC-NoHCC-NoHCC,1
19-NoHCC-85-85-NoHCC-NoHCC-85-NoHCC,1
19-NoHCC-88-NoHCC-NoHCC-NoHCC-NoHCC-NoHCC,1
19-NoHCC-NoHCC-18-18-NoHCC-NoHCC-NoHCC,1
19-NoHCC-NoHCC-19-19-NoHCC-NoHCC-NoHCC,1
19-NoHCC-NoHCC-19-NoHCC-18-NoHCC-NoHCC,1
19-NoHCC-NoHCC-19-NoHCC-19-NoHCC-NoHCC,1
19-NoHCC-NoHCC-NoHCC-18-NoHCC-NoHCC-NoHCC,1
19-NoHCC-NoHCC-NoHCC-88-NoHCC-NoHCC-NoHCC,1
19-NoHCC-NoHCC-NoHCC-NoHCC-18-NoHCC-NoHCC,1
39-39-NoHCC-NoHCC-NoHCC-39-NoHCC-NoHCC,1
39-NoHCC-NoHCC-NoHCC-NoHCC-NoHCC-NoHCC-NoHCC,1
40-40-NoHCC-40-NoHCC-NoHCC-40-NoHCC,1
40-40-NoHCC-NoHCC-40-NoHCC-NoHCC-NoHCC,1
40-40-NoHCC-NoHCC-NoHCC-NoHCC-NoHCC-NoHCC,1
40-NoHCC-40-40-NoHCC-NoHCC-NoHCC-NoHCC,1
40-NoHCC-40-NoHCC-NoHCC-NoHCC-40-NoHCC,1
40-NoHCC-40-NoHCC-NoHCC-NoHCC-85-NoHCC,1
40-NoHCC-NoHCC-40-NoHCC-NoHCC-NoHCC-NoHCC,1
40-NoHCC-NoHCC-NoHCC-NoHCC-40-NoHCC-NoHCC,1
40-NoHCC-NoHCC-NoHCC-NoHCC-NoHCC-40-NoHCC,1
85-85-85-NoHCC-NoHCC-NoHCC-NoHCC-85,1
85-85-NoHCC-85-19-NoHCC-NoHCC-NoHCC,1
85-85-NoHCC-NoHCC-NoHCC-NoHCC-85-NoHCC,1
85-NoHCC-18-NoHCC-18-NoHCC-NoHCC-NoHCC,1
85-NoHCC-85-NoHCC-18-NoHCC-NoHCC-NoHCC,1
85-NoHCC-85-NoHCC-NoHCC-NoHCC-85-NoHCC,1
85-NoHCC-NoHCC-85-18-NoHCC-NoHCC-NoHCC,1
85-NoHCC-NoHCC-85-85-NoHCC-NoHCC-NoHCC,1
85-NoHCC-NoHCC-85-NoHCC-85-NoHCC-NoHCC,1
85-NoHCC-NoHCC-85-NoHCC-NoHCC-NoHCC-NoHCC,1
86-NoHCC-NoHCC-NoHCC-NoHCC-NoHCC-NoHCC-NoHCC,1
87-87-NoHCC-NoHCC-NoHCC-NoHCC-NoHCC-NoHCC,1
87-NoHCC-NoHCC-18-NoHCC-NoHCC-NoHCC-NoHCC,1
87-NoHCC-NoHCC-85-NoHCC-NoHCC-NoHCC-NoHCC,1
88-85-NoHCC-NoHCC-NoHCC-NoHCC-NoHCC-NoHCC,1
88-88-NoHCC-88-88-NoHCC-NoHCC-NoHCC,1
88-NoHCC-NoHCC-88-NoHCC-NoHCC-NoHCC-NoHCC,1
88-NoHCC-NoHCC-NoHCC-NoHCC-85-NoHCC-NoHCC,1
NoHCC-18-18-NoHCC-18-NoHCC-NoHCC-NoHCC,1
NoHCC-18-18-NoHCC-NoHCC-19-NoHCC-NoHCC,1
NoHCC-18-19-18-NoHCC-NoHCC-NoHCC-NoHCC,1
NoHCC-18-19-19-NoHCC-NoHCC-NoHCC-NoHCC,1
NoHCC-18-19-NoHCC-19-NoHCC-NoHCC-NoHCC,1
NoHCC-18-NoHCC-18-18-18-NoHCC-NoHCC,1
NoHCC-18-NoHCC-18-NoHCC-19-NoHCC-NoHCC,1
NoHCC-18-NoHCC-NoHCC-19-NoHCC-NoHCC-NoHCC,1
NoHCC-19-18-18-19-NoHCC-NoHCC-NoHCC,1
NoHCC-19-18-NoHCC-NoHCC-19-NoHCC-NoHCC,1
NoHCC-19-19-19-19-19-NoHCC-NoHCC,1
NoHCC-19-19-19-19-NoHCC-19-NoHCC,1
NoHCC-19-19-19-NoHCC-19-NoHCC-NoHCC,1
NoHCC-19-19-19-NoHCC-NoHCC-NoHCC-NoHCC,1
NoHCC-19-19-NoHCC-18-NoHCC-NoHCC-NoHCC,1
NoHCC-19-NoHCC-18-NoHCC-18-NoHCC-NoHCC,1
NoHCC-19-NoHCC-19-18-NoHCC-NoHCC-NoHCC,1
NoHCC-19-NoHCC-85-NoHCC-NoHCC-NoHCC-NoHCC,1
NoHCC-19-NoHCC-NoHCC-18-19-NoHCC-NoHCC,1
NoHCC-19-NoHCC-NoHCC-NoHCC-85-NoHCC-NoHCC,1
NoHCC-19-NoHCC-NoHCC-NoHCC-NoHCC-39-NoHCC,1
NoHCC-39-39-39-39-39-NoHCC-NoHCC,1
NoHCC-39-39-39-NoHCC-NoHCC-NoHCC-NoHCC,1
NoHCC-39-39-NoHCC-NoHCC-NoHCC-NoHCC-NoHCC,1
NoHCC-39-NoHCC-39-39-39-NoHCC-NoHCC,1
NoHCC-39-NoHCC-NoHCC-NoHCC-NoHCC-NoHCC-NoHCC,1
NoHCC-40-40-40-40-40-40-NoHCC,1
NoHCC-40-40-40-NoHCC-NoHCC-NoHCC-NoHCC,1
NoHCC-40-40-NoHCC-NoHCC-40-NoHCC-NoHCC,1
NoHCC-40-40-NoHCC-NoHCC-NoHCC-40-NoHCC,1
NoHCC-40-40-NoHCC-NoHCC-NoHCC-NoHCC-NoHCC,1
NoHCC-40-NoHCC-19-NoHCC-18-NoHCC-NoHCC,1
NoHCC-40-NoHCC-40-40-NoHCC-NoHCC-NoHCC,1
NoHCC-40-NoHCC-NoHCC-NoHCC-40-40-NoHCC,1
NoHCC-85-19-85-NoHCC-19-NoHCC-NoHCC,1
NoHCC-85-85-85-NoHCC-85-NoHCC-NoHCC,1
NoHCC-85-NoHCC-18-NoHCC-NoHCC-NoHCC-NoHCC,1
NoHCC-85-NoHCC-85-NoHCC-NoHCC-85-NoHCC,1
NoHCC-85-NoHCC-85-NoHCC-NoHCC-NoHCC-85,1
NoHCC-85-NoHCC-NoHCC-19-NoHCC-NoHCC-NoHCC,1
NoHCC-85-NoHCC-NoHCC-NoHCC-40-NoHCC-NoHCC,1
NoHCC-85-NoHCC-NoHCC-NoHCC-NoHCC-39-NoHCC,1
NoHCC-86-NoHCC-NoHCC-86-NoHCC-NoHCC-NoHCC,1
NoHCC-86-NoHCC-NoHCC-NoHCC-85-85-NoHCC,1
NoHCC-87-19-NoHCC-NoHCC-NoHCC-NoHCC-NoHCC,1
NoHCC-88-87-NoHCC-NoHCC-NoHCC-NoHCC-NoHCC,1
NoHCC-88-88-NoHCC-87-NoHCC-NoHCC-NoHCC,1
NoHCC-88-NoHCC-18-NoHCC-NoHCC-NoHCC-NoHCC,1
NoHCC-88-NoHCC-NoHCC-86-NoHCC-NoHCC-NoHCC,1
NoHCC-NoHCC-17-NoHCC-NoHCC-NoHCC-NoHCC-NoHCC,1
NoHCC-NoHCC-18-18-18-18-NoHCC-NoHCC,1
NoHCC-NoHCC-18-18-19-NoHCC-NoHCC-NoHCC,1
NoHCC-NoHCC-18-18-NoHCC-NoHCC-NoHCC-NoHCC,1
NoHCC-NoHCC-18-19-19-NoHCC-NoHCC-NoHCC,1
NoHCC-NoHCC-19-19-19-19-NoHCC-NoHCC,1
NoHCC-NoHCC-19-85-NoHCC-NoHCC-NoHCC-NoHCC,1
NoHCC-NoHCC-19-NoHCC-19-19-NoHCC-NoHCC,1
NoHCC-NoHCC-19-NoHCC-NoHCC-18-19-NoHCC,1
NoHCC-NoHCC-19-NoHCC-NoHCC-18-NoHCC-NoHCC,1
NoHCC-NoHCC-19-NoHCC-NoHCC-NoHCC-19-NoHCC,1
NoHCC-NoHCC-39-NoHCC-NoHCC-NoHCC-39-NoHCC,1
NoHCC-NoHCC-39-NoHCC-NoHCC-NoHCC-NoHCC-NoHCC,1
NoHCC-NoHCC-40-40-NoHCC-40-NoHCC-NoHCC,1
NoHCC-NoHCC-40-NoHCC-NoHCC-40-40-NoHCC,1
NoHCC-NoHCC-85-85-NoHCC-85-NoHCC-NoHCC,1
NoHCC-NoHCC-85-85-NoHCC-NoHCC-85-NoHCC,1
NoHCC-NoHCC-85-NoHCC-19-NoHCC-NoHCC-NoHCC,1
NoHCC-NoHCC-87-NoHCC-85-NoHCC-NoHCC-NoHCC,1
NoHCC-NoHCC-87-NoHCC-NoHCC-40-NoHCC-NoHCC,1
NoHCC-NoHCC-88-19-19-NoHCC-NoHCC-NoHCC,1
NoHCC-NoHCC-88-NoHCC-NoHCC-85-NoHCC-NoHCC,1
NoHCC-NoHCC-88-NoHCC-NoHCC-NoHCC-NoHCC-NoHCC,1
NoHCC-NoHCC-NoHCC-18-18-18-NoHCC-NoHCC,1
NoHCC-NoHCC-NoHCC-19-19-19-NoHCC-NoHCC,1
NoHCC-NoHCC-NoHCC-19-86-NoHCC-NoHCC-NoHCC,1
NoHCC-NoHCC-NoHCC-19-NoHCC-87-86-NoHCC,1
NoHCC-NoHCC-NoHCC-19-NoHCC-87-NoHCC-NoHCC,1
NoHCC-NoHCC-NoHCC-19-NoHCC-NoHCC-19-NoHCC,1
NoHCC-NoHCC-NoHCC-40-40-NoHCC-NoHCC-NoHCC,1
NoHCC-NoHCC-NoHCC-40-NoHCC-40-40-NoHCC,1
NoHCC-NoHCC-NoHCC-40-NoHCC-40-NoHCC-NoHCC,1
NoHCC-NoHCC-NoHCC-40-NoHCC-NoHCC-85-NoHCC,1
NoHCC-NoHCC-NoHCC-85-85-85-85-NoHCC,1
NoHCC-NoHCC-NoHCC-87-85-NoHCC-NoHCC-NoHCC,1
NoHCC-NoHCC-NoHCC-88-88-NoHCC-NoHCC-NoHCC,1
NoHCC-NoHCC-NoHCC-88-NoHCC-NoHCC-NoHCC-NoHCC,1
NoHCC-NoHCC-NoHCC-NoHCC-18-19-NoHCC-NoHCC,1
NoHCC-NoHCC-NoHCC-NoHCC-40-40-NoHCC-NoHCC,1
NoHCC-NoHCC-NoHCC-NoHCC-85-85-NoHCC-NoHCC,1
NoHCC-NoHCC-NoHCC-NoHCC-85-NoHCC-85-NoHCC,1
NoHCC-NoHCC-NoHCC-NoHCC-NoHCC-19-NoHCC-85,1
NoHCC-NoHCC-NoHCC-NoHCC-NoHCC-85-85-NoHCC,1
NoHCC-NoHCC-NoHCC-NoHCC-NoHCC-NoHCC-86-NoHCC,1
NoHCC-NoHCC-NoHCC-NoHCC-NoHCC-NoHCC-NoHCC-19,1
NoHCC-NoHCC-NoHCC-NoHCC-NoHCC-NoHCC-NoHCC-87,1
