{
  "nodes2010": [
    {
      "_id": 1,
      "name": "Finance",
      "_short": "fi"
    },
    {
      "_id": 2,
      "name": "Sales",
      "_short": "sa"
    },
    {
      "_id": 3,
      "name": "IT",
      "_short": "it"
    },
    {
      "_id": 4,
      "name": "Marketing",
      "_short": "mk"
    },
    {
      "_id": 5,
      "name": "HR",
      "_short": "hr"
    },
    {
      "_id": 6,
      "name": "R&D",
      "_short": "rd"
    },      
    {
      "_id": 7,
      "name": "Administration",
      "_short": "ad"
    },
    {
      "_id": 8,
      "name": "Accounting",
      "_short": "ac"
    },
    {
      "_id": 9,
      "name": "CS",
      "_short": "cs"
    }
    ],
    "nodes2014": [
    {
      "_id": 10,
      "name": "New York",
      "_short": "ny"
    },
    {
      "_id": 11,
      "name": "Boston",
      "_short": "bs"
    },
    {
      "_id": 12,
      "name": "Chicago",
      "_short": "ch"
    },
    {
      "_id": 13,
      "name": "Los Angeles",
      "_short": "la"
    },
    {
      "_id": 14,
      "name": "Miami",
      "_short": "mi"
    }   
  ],
  "links": [
    {
      "source": 1,
      "value": 3,
      "target": 10
    },
    {
      "source": 2,
      "value": 2,
      "target": 10
    },
    {
      "source": 3,
      "value": 2,
      "target": 10
    },
    {
      "source": 4,
      "value": 3,
      "target": 10
    },
    {
      "source": 5,
      "value": 3,
      "target": 10
    },
    {
      "source": 6,
      "value": 0,
      "target": 10
    },
    {
      "source": 7,
      "value": 0,
      "target": 10
    },
    {
      "source": 8,
      "value": 2,
      "target": 10
    },
    {
      "source": 9,
      "value": 1,
      "target": 10
    },
    {
      "source": 1,
      "value": 20,
      "target": 11
    },
    {
      "source": 2,
      "value": 20,
      "target": 11
    },
    {
      "source": 3,
      "value": 28,
      "target": 11
    },
    {
      "source": 4,
      "value": 12,
      "target": 11
    },
    {
      "source": 5,
      "value": 8,
      "target": 11
    },
    {
      "source": 6,
      "value": 23,
      "target": 11
    },
    {
      "source": 7,
      "value": 17,
      "target": 11
    },
    {
      "source": 8,
      "value": 12,
      "target": 11
    },
    {
      "source": 9,
      "value": 9,
      "target": 11
    },
    {
      "source": 1,
      "value": 0,
      "target": 12
    },
    {
      "source": 2,
      "value": 3,
      "target": 12
    },
    {
      "source": 3,
      "value": 9,
      "target": 12
    },
    {
      "source": 4,
      "value": 3,
      "target": 12
    },
    {
      "source": 5,
      "value": 5,
      "target": 12
    },
    {
      "source": 6,
      "value": 7,
      "target": 12
    },
    {
      "source": 7,
      "value": 3,
      "target": 12
    },
    {
      "source": 8,
      "value": 6,
      "target": 12
    },
    {
      "source": 9,
      "value": 0,
      "target": 12
    },
    {
      "source": 1,
      "value": 0,
      "target": 13
    },
    {
      "source": 2,
      "value": 4,
      "target": 13
    },
    {
      "source": 3,
      "value": 0,
      "target": 13
    },
    {
      "source": 4,
      "value": 1,
      "target": 13
    },
    {
      "source": 5,
      "value": 4,
      "target": 13
    },
    {
      "source": 6,
      "value": 9,
      "target": 13
    },
    {
      "source": 7,
      "value": 10,
      "target": 13
    },
    {
      "source": 8,
      "value": 4,
      "target": 13
    },
    {
      "source": 9,
      "value": 3,
      "target": 13
    },
    {
      "source": 1,
      "value": 0,
      "target": 14
    },
    {
      "source": 2,
      "value": 0,
      "target": 14
    },
    {
      "source": 3,
      "value": 0,
      "target": 14
    },
    {
      "source": 4,
      "value": 0,
      "target": 14
    },
    {
      "source": 5,
      "value": 4,
      "target": 14
    },
    {
      "source": 6,
      "value": 0,
      "target": 14
    },
    {
      "source": 7,
      "value": 5,
      "target": 14
    },
    {
      "source": 8,
      "value": 3,
      "target": 14
    },
    {
      "source": 9,
      "value": 1,
      "target": 14    
    }
  ]
}